Data Source,Month,Sales,Profit,Orders,Customers
Global Superstore (2012-2015),2012-01-01,98898.48886,8321.80096,216,215
Global Superstore (2012-2015),2012-02-01,103717.92328,14323.060879999999,203,202
Global Superstore (2012-2015),2012-03-01,135746.40206,13089.626959999998,266,266
Global Superstore (2012-2015),2012-04-01,114051.59118,13223.17058,258,255
Global Superstore (2012-2015),2012-05-01,158212.9388,14641.5623,317,314
Global Superstore (2012-2015),2012-06-01,207571.54352,20940.59862,454,449
Global Superstore (2012-2015),2012-07-01,118434.88462,4040.6068199999977,262,261
Global Superstore (2012-2015),2012-08-01,208063.28372,26452.99742,445,441
Global Superstore (2012-2015),2012-09-01,284587.74846000003,35044.52286,516,513
Global Superstore (2012-2015),2012-10-01,216114.56748,27597.955879999998,425,422
Global Superstore (2012-2015),2012-11-01,293947.35216,33242.88306,556,552
Global Superstore (2012-2015),2012-12-01,319807.4094,38031.564,597,592
Global Superstore (2012-2015),2013-01-01,137435.97514,10306.712539999999,267,267
Global Superstore (2012-2015),2013-02-01,98854.96208,15095.02128,222,221
Global Superstore (2012-2015),2013-03-01,163076.77116,17992.917559999998,338,338
Global Superstore (2012-2015),2013-04-01,161052.26952,17366.96722,323,322
Global Superstore (2012-2015),2013-05-01,208364.89124,29876.70374,413,408
Global Superstore (2012-2015),2013-06-01,256175.69842,34407.15362,574,567
Global Superstore (2012-2015),2013-07-01,145236.78512000002,15585.388419999997,324,321
Global Superstore (2012-2015),2013-08-01,303105.86238,43563.52858,523,520
Global Superstore (2012-2015),2013-09-01,289389.16564,27776.18034,643,635
Global Superstore (2012-2015),2013-10-01,252939.85020000002,30662.8827,498,492
Global Superstore (2012-2015),2013-11-01,323168.5869,31731.2918,714,707
Global Superstore (2012-2015),2013-12-01,337641.7266,32938.4713,634,620
Global Superstore (2012-2015),2014-01-01,199185.90738,26810.55968,345,343
Global Superstore (2012-2015),2014-02-01,167219.1604,23754.3061,306,305
Global Superstore (2012-2015),2014-03-01,198594.03012,23433.77462,411,411
Global Superstore (2012-2015),2014-04-01,177821.31684,19462.03844,394,389
Global Superstore (2012-2015),2014-05-01,260498.5647,28495.694099999997,524,520
Global Superstore (2012-2015),2014-06-01,396412.2059,45440.907400000004,726,719
Global Superstore (2012-2015),2014-07-01,229928.952,28863.8272,447,444
Global Superstore (2012-2015),2014-08-01,326488.78936,31023.66846,695,689
Global Superstore (2012-2015),2014-09-01,376619.24568,38905.667779999996,836,823
Global Superstore (2012-2015),2014-10-01,293406.64288,42433.222579999994,581,571
Global Superstore (2012-2015),2014-11-01,373989.3601,48062.996699999996,793,784
Global Superstore (2012-2015),2014-12-01,405454.37802,50202.87112,825,819
Global Superstore (2012-2015),2015-01-01,241268.55566,28001.38626,450,447
Global Superstore (2012-2015),2015-02-01,184837.35556,19751.699959999998,385,384
Global Superstore (2012-2015),2015-03-01,263100.77262,37357.260519999996,531,528
Global Superstore (2012-2015),2015-04-01,242740.3253,23823.365199999997,524,520
Global Superstore (2012-2015),2015-05-01,288401.04614,33953.55774,669,662
Global Superstore (2012-2015),2015-06-01,401814.0631,43778.6028,902,889
Global Superstore (2012-2015),2015-07-01,258705.68048,28035.87258,540,535
Global Superstore (2012-2015),2015-08-01,456563.18236000004,53532.15496,847,837
Global Superstore (2012-2015),2015-09-01,481157.2437,67979.4511,1019,1002
Global Superstore (2012-2015),2015-10-01,422766.62916,58209.83476,810,796
Global Superstore (2012-2015),2015-11-01,555279.027,62856.5879,1080,1057
Global Superstore (2012-2015),2015-12-01,503143.69348,46916.52068,1100,1076
"Kaggle Global Electronics Retail (demo, unverified)",2019-01-01,486270.5,57776.52,223,206
"Kaggle Global Electronics Retail (demo, unverified)",2019-02-01,508133.0,72106.27,233,205
"Kaggle Global Electronics Retail (demo, unverified)",2019-03-01,574968.1,22277.14,286,254
"Kaggle Global Electronics Retail (demo, unverified)",2019-04-01,604025.1,34184.91,283,249
"Kaggle Global Electronics Retail (demo, unverified)",2019-05-01,920544.6,102734.76,369,306
"Kaggle Global Electronics Retail (demo, unverified)",2019-06-01,1248821.7,124501.5,536,427
"Kaggle Global Electronics Retail (demo, unverified)",2019-07-01,779450.1,57967.11,317,281
"Kaggle Global Electronics Retail (demo, unverified)",2019-08-01,1014361.9,61268.69,511,421
"Kaggle Global Electronics Retail (demo, unverified)",2019-09-01,1283674.3,116660.78,574,466
"Kaggle Global Electronics Retail (demo, unverified)",2019-10-01,957199.2,109828.12,430,338
"Kaggle Global Electronics Retail (demo, unverified)",2019-11-01,1345301.7,41458.340000000004,582,458
"Kaggle Global Electronics Retail (demo, unverified)",2019-12-01,1255736.6,98330.69,567,455
"Kaggle Global Electronics Retail (demo, unverified)",2020-01-01,622183.7,84746.44,297,261
"Kaggle Global Electronics Retail (demo, unverified)",2020-02-01,591792.0,56553.1,287,266
"Kaggle Global Electronics Retail (demo, unverified)",2020-03-01,804638.3,60755.590000000004,363,310
"Kaggle Global Electronics Retail (demo, unverified)",2020-04-01,767938.2,57999.49,361,306
"Kaggle Global Electronics Retail (demo, unverified)",2020-05-01,990884.5,91039.75,475,405
"Kaggle Global Electronics Retail (demo, unverified)",2020-06-01,1316665.9,144439.55,607,486
"Kaggle Global Electronics Retail (demo, unverified)",2020-07-01,810942.2,25471.52,380,321
"Kaggle Global Electronics Retail (demo, unverified)",2020-08-01,1270909.6,132352.85,611,489
"Kaggle Global Electronics Retail (demo, unverified)",2020-09-01,1506607.5,155265.08,686,529
"Kaggle Global Electronics Retail (demo, unverified)",2020-10-01,1401671.0,163919.84,572,445
"Kaggle Global Electronics Retail (demo, unverified)",2020-11-01,1859770.4,179579.01,815,586
"Kaggle Global Electronics Retail (demo, unverified)",2020-12-01,1714288.2,153975.2,770,572
Superstore (2015-2018),2015-01-01,13585.69,2450.18,31,31
Superstore (2015-2018),2015-02-01,4519.92,862.3,28,27
Superstore (2015-2018),2015-03-01,55108.049999999996,498.72000000000037,71,69
Superstore (2015-2018),2015-04-01,27185.14,3500.92,65,63
Superstore (2015-2018),2015-05-01,23648.28,2738.74,69,67
Superstore (2015-2018),2015-06-01,31704.73,4976.5599999999995,66,63
Superstore (2015-2018),2015-07-01,33670.09,-841.46,64,64
Superstore (2015-2018),2015-08-01,27909.47,5318.11,72,70
Superstore (2015-2018),2015-09-01,81631.77,8328.08,129,118
Superstore (2015-2018),2015-10-01,31448.66,3448.23,77,74
Superstore (2015-2018),2015-11-01,77920.93000000001,9292.15,151,139
Superstore (2015-2018),2015-12-01,69423.16,8983.59,141,134
Superstore (2015-2018),2016-01-01,15370.160000000002,-3280.97,28,27
Superstore (2015-2018),2016-02-01,11951.4,2813.84,36,36
Superstore (2015-2018),2016-03-01,38726.26,9732.07,79,77
Superstore (2015-2018),2016-04-01,34195.25,4187.53,72,69
Superstore (2015-2018),2016-05-01,30131.72,4667.83,74,69
Superstore (2015-2018),2016-06-01,24797.31,3335.5600000000004,68,68
Superstore (2015-2018),2016-07-01,28765.32,3288.71,66,64
Superstore (2015-2018),2016-08-01,36643.97,5355.82,68,64
Superstore (2015-2018),2016-09-01,63297.5,8209.17,140,126
Superstore (2015-2018),2016-10-01,31322.94,2817.37,87,79
Superstore (2015-2018),2016-11-01,75526.44,12474.8,158,146
Superstore (2015-2018),2016-12-01,74492.93000000001,8016.96,161,141
Superstore (2015-2018),2017-01-01,18113.84,2824.8199999999997,48,46
Superstore (2015-2018),2017-02-01,22737.32,5004.59,44,41
Superstore (2015-2018),2017-03-01,50629.84,3611.98,86,80
Superstore (2015-2018),2017-04-01,37628.47,2977.88,88,82
Superstore (2015-2018),2017-05-01,55974.35,8662.09,107,95
Superstore (2015-2018),2017-06-01,40261.9,4750.33,97,90
Superstore (2015-2018),2017-07-01,37776.07,4432.900000000001,96,89
Superstore (2015-2018),2017-08-01,31115.35,2062.05,90,86
Superstore (2015-2018),2017-09-01,73211.35,9328.68,191,176
Superstore (2015-2018),2017-10-01,59454.26,16243.22,105,95
Superstore (2015-2018),2017-11-01,77423.81,4011.4500000000003,183,165
Superstore (2015-2018),2017-12-01,96601.54,17885.28,174,155
Superstore (2015-2018),2018-01-01,43971.37,7140.45,69,67
Superstore (2015-2018),2018-02-01,20301.12,1613.89,53,53
Superstore (2015-2018),2018-03-01,58872.35,14751.869999999999,118,115
Superstore (2015-2018),2018-04-01,35507.29,933.3,115,108
Superstore (2015-2018),2018-05-01,41457.16,6342.7,118,113
Superstore (2015-2018),2018-06-01,52440.82,8223.42,132,118
Superstore (2015-2018),2018-07-01,45253.87,6952.6,111,102
Superstore (2015-2018),2018-08-01,63088.87,9041.09,111,104
Superstore (2015-2018),2018-09-01,87493.57,10991.57,226,196
Superstore (2015-2018),2018-10-01,77325.81,9275.38,147,136
Superstore (2015-2018),2018-11-01,117571.38,9690.1,259,215
Superstore (2015-2018),2018-12-01,82044.05,8483.4,223,194
Superstore (2021-2024),2021-01-01,14518.06,2539.38,33,33
Superstore (2021-2024),2021-02-01,4519.92,862.3000000000001,28,27
Superstore (2021-2024),2021-03-01,56933.94,693.4400000000002,72,70
Superstore (2021-2024),2021-04-01,28013.98,3500.92,66,64
Superstore (2021-2024),2021-05-01,26319.76,3196.43,72,68
Superstore (2021-2024),2021-06-01,34669.49,4999.8,67,64
Superstore (2021-2024),2021-07-01,33946.37,-841.4599999999997,65,65
Superstore (2021-2024),2021-08-01,28918.34,5765.2300000000005,75,73
Superstore (2021-2024),2021-09-01,82670.42,8593.609999999999,134,121
Superstore (2021-2024),2021-10-01,32413.32,3469.15,81,76
Superstore (2021-2024),2021-11-01,78727.86,9327.56,152,140
Superstore (2021-2024),2021-12-01,72008.31999999999,9554.67,150,141
Superstore (2021-2024),2022-01-01,18461.920000000002,-3189.77,31,29
Superstore (2021-2024),2022-02-01,11951.4,2813.84,36,36
Superstore (2021-2024),2022-03-01,39978.64,9930.58,81,78
Superstore (2021-2024),2022-04-01,34195.25,4187.53,72,69
Superstore (2021-2024),2022-05-01,30246.98,4677.09,75,70
Superstore (2021-2024),2022-06-01,24797.31,3335.56,68,68
Superstore (2021-2024),2022-07-01,28765.32,3288.71,66,64
Superstore (2021-2024),2022-08-01,37056.99,5371.639999999999,69,64
Superstore (2021-2024),2022-09-01,64627.0,8220.03,142,127
Superstore (2021-2024),2022-10-01,31407.11,2817.9700000000003,88,80
Superstore (2021-2024),2022-11-01,75972.51,12474.800000000001,158,146
Superstore (2021-2024),2022-12-01,75532.55,8093.05,167,143
Superstore (2021-2024),2023-01-01,18830.36,2916.02,50,48
Superstore (2021-2024),2023-02-01,22978.82,5004.59,45,42
Superstore (2021-2024),2023-03-01,53031.05,3707.8999999999996,88,82
Superstore (2021-2024),2023-04-01,38829.16,2991.73,90,83
Superstore (2021-2024),2023-05-01,57042.86,8676.64,109,97
Superstore (2021-2024),2023-06-01,40937.15,4926.2699999999995,100,96
Superstore (2021-2024),2023-07-01,40300.53,4559.91,97,89
Superstore (2021-2024),2023-08-01,31716.79,2317.48,91,87
Superstore (2021-2024),2023-09-01,73521.73,9370.130000000001,195,177
Superstore (2021-2024),2023-10-01,59831.05,16256.92,107,96
Superstore (2021-2024),2023-11-01,79412.03,4011.4500000000003,183,165
Superstore (2021-2024),2023-12-01,97502.3,17926.27,185,163
Superstore (2021-2024),2024-01-01,44259.21,7231.65,71,69
Superstore (2021-2024),2024-02-01,20301.12,1613.8899999999999,53,53
Superstore (2021-2024),2024-03-01,60728.47,15013.07,121,121
Superstore (2021-2024),2024-04-01,36779.02,957.54,117,110
Superstore (2021-2024),2024-05-01,45155.45,6299.92,121,115
Superstore (2021-2024),2024-06-01,53056.08,8246.66,134,119
Superstore (2021-2024),2024-07-01,45989.51,7006.4800000000005,112,103
Superstore (2021-2024),2024-08-01,64129.72,9488.21,114,105
Superstore (2021-2024),2024-09-01,88064.54,11050.82,231,199
Superstore (2021-2024),2024-10-01,83474.81999999999,10670.63,151,138
Superstore (2021-2024),2024-11-01,118454.49,9692.1,262,217
Superstore (2021-2024),2024-12-01,85175.01,8655.88,236,202
